role,chronotype,productivity_score,burnout_risk,recovery_score,sleep_debt,task_load_score,productivity_confidence,productivity_confidence_label,burnout_confidence,burnout_confidence_label,recommendation_confidence,recommendation_confidence_label,history_records,input_completeness,input_warnings,schedule_quality,chronotype_ok,burnout_protection_ok,preventive_recovery_ok,breaks,schedule_items,explanation_quality
Remote Worker,Intermediate,39.91,Medium,44.36,1.8,100.0,80.0,High,80.0,High,85.0,High,0,1.0,[],96,True,True,True,2,6,92
Recovering From Illness,Intermediate,46.24,Medium,56.12,0.84,72.07,80.0,High,80.0,High,85.0,High,0,1.0,[],96,True,True,True,2,6,92
Shift Worker,Intermediate,33.55,Medium,41.81,1.0,100.0,80.0,High,80.0,High,85.0,High,0,1.0,[],96,True,True,True,2,6,92
Shift Worker,Intermediate,27.28,High,38.63,1.72,89.78,80.0,High,80.0,High,85.0,High,0,1.0,[],96,True,True,True,4,8,92
Founder,Intermediate,8.97,High,20.4,3.96,100.0,80.0,High,80.0,High,85.0,High,0,1.0,[],96,True,True,True,3,7,92
Knowledge Worker,Intermediate,43.37,Medium,53.38,1.48,100.0,80.0,High,80.0,High,85.0,High,0,1.0,[],96,True,True,True,2,6,92
Founder,Evening,8.91,High,25.22,1.73,100.0,80.0,High,88.0,High,89.0,High,0,1.0,[],96,True,True,True,4,8,92
Burned-Out Professional,Intermediate,1.67,High,8.79,2.76,100.0,80.0,High,88.0,High,89.0,High,0,1.0,[],96,True,True,True,4,8,92
Remote Worker,Intermediate,36.33,Medium,45.58,1.39,100.0,80.0,High,88.0,High,89.0,High,0,1.0,[],96,True,True,True,2,6,92
New Parent,Morning,14.92,High,25.39,2.6,92.48,80.0,High,80.0,High,85.0,High,0,1.0,[],96,True,True,True,5,9,92
Founder,Evening,28.89,High,33.67,1.97,100.0,80.0,High,80.0,High,85.0,High,0,1.0,[],96,True,True,True,3,7,92
Recovering From Illness,Evening,43.05,Low,63.33,0.0,73.14,80.0,High,80.0,High,85.0,High,0,1.0,[],96,True,True,True,2,6,92
Executive,Intermediate,25.79,High,35.68,1.45,100.0,80.0,High,80.0,High,85.0,High,0,1.0,[],96,True,True,True,4,8,92
Remote Worker,Intermediate,54.54,Medium,66.44,0.27,100.0,80.0,High,80.0,High,85.0,High,0,1.0,[],96,True,True,True,2,6,92
New Parent,Morning,20.28,High,35.54,2.03,94.75,80.0,High,88.0,High,89.0,High,0,1.0,[],96,True,True,True,4,8,92
Healthy High Performer,Morning,92.45,Low,92.03,0.0,100.0,80.0,High,80.0,High,85.0,High,0,1.0,[],96,True,True,True,2,6,92
New Parent,Intermediate,10.13,High,26.67,3.25,100.0,80.0,High,88.0,High,89.0,High,0,1.0,[],96,True,True,True,3,7,92
New Parent,Evening,5.98,High,30.31,3.35,94.15,80.0,High,80.0,High,85.0,High,0,1.0,[],96,True,True,True,4,8,92
Founder,Evening,13.67,High,23.75,1.99,100.0,80.0,High,88.0,High,89.0,High,0,1.0,[],96,True,True,True,3,7,92
Knowledge Worker,Evening,48.74,Medium,59.31,0.44,100.0,80.0,High,80.0,High,85.0,High,0,1.0,[],96,True,True,True,2,6,92
Founder,Intermediate,14.89,High,26.45,1.75,100.0,80.0,High,88.0,High,89.0,High,0,1.0,[],96,True,True,True,4,8,92
Student,Intermediate,30.47,High,35.85,2.14,100.0,80.0,High,80.0,High,85.0,High,0,1.0,[],96,True,True,True,3,7,92
Shift Worker,Morning,27.46,High,32.97,1.97,99.91,80.0,High,80.0,High,85.0,High,0,1.0,[],96,True,True,True,5,9,92
Shift Worker,Morning,18.44,High,29.77,2.44,100.0,80.0,High,80.0,High,85.0,High,0,1.0,[],96,True,True,True,5,9,92
Recovering From Illness,Morning,41.61,Medium,58.18,0.06,72.55,80.0,High,80.0,High,85.0,High,0,1.0,[],96,True,True,True,3,7,92
Knowledge Worker,Morning,62.31,Low,72.14,0.35,90.77,80.0,High,80.0,High,85.0,High,0,1.0,[],96,True,True,True,3,7,92
Healthy High Performer,Intermediate,85.39,Low,87.22,0.49,100.0,80.0,High,80.0,High,85.0,High,0,1.0,[],96,True,True,True,1,5,92
New Parent,Evening,13.6,High,35.71,1.59,97.56,80.0,High,88.0,High,89.0,High,0,1.0,[],96,True,True,True,4,8,92
Recovering From Illness,Intermediate,49.66,Low,64.12,0.0,67.65,80.0,High,80.0,High,85.0,High,0,1.0,[],96,True,True,True,2,6,92
Founder,Morning,14.55,High,24.89,1.63,100.0,80.0,High,88.0,High,89.0,High,0,1.0,[],96,True,True,True,5,9,92
Healthy High Performer,Evening,73.36,Low,74.92,1.02,100.0,80.0,High,80.0,High,85.0,High,0,1.0,[],96,True,True,True,2,6,92
Founder,Intermediate,19.08,High,19.9,2.37,100.0,80.0,High,88.0,High,89.0,High,0,1.0,[],96,True,True,True,4,8,92
Healthy High Performer,Morning,79.17,Low,83.89,0.03,95.44,80.0,High,80.0,High,85.0,High,0,1.0,[],96,True,True,True,2,6,92
Healthy High Performer,Morning,78.7,Low,85.26,0.0,100.0,80.0,High,80.0,High,85.0,High,0,1.0,[],96,True,True,True,2,6,92
Burned-Out Professional,Intermediate,4.88,High,17.63,2.34,100.0,80.0,High,88.0,High,89.0,High,0,1.0,[],96,True,True,True,4,8,92
Executive,Morning,28.51,High,32.59,0.64,100.0,80.0,High,88.0,High,89.0,High,0,1.0,[],96,True,True,True,4,8,92
Shift Worker,Intermediate,21.84,High,36.6,3.04,100.0,80.0,High,80.0,High,85.0,High,0,1.0,[],96,True,True,True,3,7,92
Knowledge Worker,Evening,47.7,Medium,57.33,1.38,100.0,80.0,High,80.0,High,85.0,High,0,1.0,[],96,True,True,True,2,6,92
New Parent,Intermediate,18.52,Medium,41.92,1.54,100.0,80.0,High,80.0,High,85.0,High,0,1.0,[],96,True,True,True,2,6,92
Knowledge Worker,Morning,63.01,Medium,60.83,0.42,100.0,80.0,High,80.0,High,85.0,High,0,1.0,[],96,True,True,True,3,7,92
Executive,Evening,24.22,High,38.08,0.74,100.0,80.0,High,88.0,High,89.0,High,0,1.0,[],96,True,True,True,4,8,92
Remote Worker,Morning,46.04,Medium,55.46,0.93,94.76,80.0,High,80.0,High,85.0,High,0,1.0,[],96,True,True,True,3,7,92
Remote Worker,Morning,46.84,Medium,53.49,1.0,100.0,80.0,High,88.0,High,89.0,High,0,1.0,[],96,True,True,True,3,7,92
Shift Worker,Intermediate,25.77,High,40.87,2.26,100.0,80.0,High,80.0,High,85.0,High,0,1.0,[],96,True,True,True,3,7,92
Executive,Evening,41.07,Medium,44.23,1.07,100.0,80.0,High,80.0,High,85.0,High,0,1.0,[],96,True,True,True,2,6,92
Shift Worker,Intermediate,23.46,High,28.39,1.96,100.0,80.0,High,88.0,High,89.0,High,0,1.0,[],96,True,True,True,4,8,92
New Parent,Evening,16.28,High,28.51,1.79,100.0,80.0,High,88.0,High,89.0,High,0,1.0,[],96,True,True,True,4,8,92
Healthy High Performer,Evening,80.27,Low,84.91,0.62,100.0,80.0,High,80.0,High,85.0,High,0,1.0,[],96,True,True,True,1,5,92
Knowledge Worker,Evening,47.03,Medium,51.81,1.91,100.0,80.0,High,80.0,High,85.0,High,0,1.0,[],96,True,True,True,2,6,92
Knowledge Worker,Evening,61.18,Medium,68.36,0.0,100.0,80.0,High,80.0,High,85.0,High,0,1.0,[],96,True,True,True,2,6,92
Knowledge Worker,Intermediate,55.05,Medium,66.53,0.16,92.37,80.0,High,80.0,High,85.0,High,0,1.0,[],96,True,True,True,2,6,92
Remote Worker,Intermediate,48.46,Medium,56.35,0.93,100.0,80.0,High,80.0,High,85.0,High,0,1.0,[],96,True,True,True,2,6,92
Burned-Out Professional,Intermediate,0.0,High,0.0,3.55,100.0,72.0,Moderate,80.0,High,81.0,High,0,1.0,[],96,True,True,True,4,8,92
Recovering From Illness,Evening,40.84,Medium,58.74,0.0,73.03,80.0,High,80.0,High,85.0,High,0,1.0,[],96,True,True,True,2,6,92
Founder,Intermediate,10.69,High,22.09,2.05,100.0,80.0,High,88.0,High,89.0,High,0,1.0,[],96,True,True,True,4,8,92
Recovering From Illness,Morning,40.77,Low,64.22,0.0,69.84,80.0,High,80.0,High,85.0,High,0,1.0,[],96,True,True,True,3,7,92
Remote Worker,Intermediate,56.4,Medium,58.74,0.99,100.0,80.0,High,80.0,High,85.0,High,0,1.0,[],96,True,True,True,2,6,92
Shift Worker,Morning,18.82,High,32.85,2.01,99.85,80.0,High,88.0,High,89.0,High,0,1.0,[],96,True,True,True,5,9,92
Shift Worker,Evening,33.38,Medium,49.21,0.82,100.0,80.0,High,80.0,High,85.0,High,0,1.0,[],96,True,True,True,2,6,92
Executive,Morning,14.77,High,29.93,1.32,100.0,80.0,High,88.0,High,89.0,High,0,1.0,[],96,True,True,True,5,9,92
Healthy High Performer,Intermediate,91.04,Low,94.25,0.09,100.0,80.0,High,80.0,High,85.0,High,0,1.0,[],96,True,True,True,1,5,92
New Parent,Morning,5.99,High,26.51,2.39,100.0,80.0,High,88.0,High,89.0,High,0,1.0,[],96,True,True,True,5,9,92
Founder,Morning,13.82,High,24.14,1.81,100.0,80.0,High,88.0,High,89.0,High,0,1.0,[],96,True,True,True,4,8,92
Healthy High Performer,Evening,89.37,Low,93.44,0.2,100.0,72.0,Moderate,72.0,Moderate,77.0,Moderate,0,1.0,['sleep_quality was outside the expected range and was clipped to 10.0.'],94,True,True,True,1,5,82
Student,Intermediate,42.84,Medium,47.14,1.47,98.17,80.0,High,80.0,High,85.0,High,0,1.0,[],96,True,True,True,2,6,92
Healthy High Performer,Intermediate,82.16,Low,85.79,0.0,100.0,80.0,High,80.0,High,85.0,High,0,1.0,[],96,True,True,True,1,5,92
Shift Worker,Intermediate,23.59,High,41.0,2.1,100.0,80.0,High,80.0,High,85.0,High,0,1.0,[],96,True,True,True,4,8,92
Knowledge Worker,Evening,47.49,Medium,57.14,1.46,97.81,80.0,High,80.0,High,85.0,High,0,1.0,[],96,True,True,True,2,6,92
Shift Worker,Morning,18.98,High,32.58,1.95,99.19,80.0,High,80.0,High,85.0,High,0,1.0,[],96,True,True,True,5,9,92
Student,Intermediate,43.63,Medium,52.78,0.44,100.0,80.0,High,80.0,High,85.0,High,0,1.0,[],96,True,True,True,2,6,92
Remote Worker,Morning,57.26,Medium,60.34,0.0,100.0,80.0,High,80.0,High,85.0,High,0,1.0,[],96,True,True,True,3,7,92
Shift Worker,Intermediate,28.64,Medium,49.14,1.53,94.98,80.0,High,80.0,High,85.0,High,0,1.0,[],96,True,True,True,2,6,92
Shift Worker,Morning,32.75,High,42.77,1.14,96.66,80.0,High,80.0,High,85.0,High,0,1.0,[],96,True,True,True,5,9,92
Knowledge Worker,Evening,51.34,Medium,51.06,1.22,100.0,80.0,High,80.0,High,85.0,High,0,1.0,[],96,True,True,True,2,6,92
Knowledge Worker,Evening,58.12,Medium,65.18,1.09,100.0,80.0,High,80.0,High,85.0,High,0,1.0,[],96,True,True,True,2,6,92
Recovering From Illness,Evening,39.1,Medium,52.48,0.39,81.24,80.0,High,80.0,High,85.0,High,0,1.0,[],96,True,True,True,2,6,92
Recovering From Illness,Evening,37.67,Medium,54.34,0.94,86.44,80.0,High,80.0,High,85.0,High,0,1.0,[],96,True,True,True,2,6,92
Shift Worker,Evening,28.29,Medium,42.81,0.91,100.0,80.0,High,80.0,High,85.0,High,0,1.0,[],96,True,True,True,2,6,92
Remote Worker,Morning,51.93,Medium,67.57,0.34,100.0,80.0,High,80.0,High,85.0,High,0,1.0,[],96,True,True,True,3,7,92
Knowledge Worker,Intermediate,43.44,Medium,49.95,1.51,100.0,80.0,High,80.0,High,85.0,High,0,1.0,[],96,True,True,True,2,6,92
Knowledge Worker,Intermediate,58.73,Medium,56.09,2.14,100.0,80.0,High,80.0,High,85.0,High,0,1.0,[],96,True,True,True,2,6,92
Student,Intermediate,40.97,Medium,44.69,1.34,94.12,80.0,High,80.0,High,85.0,High,0,1.0,[],96,True,True,True,2,6,92
Knowledge Worker,Morning,58.59,Medium,64.94,0.07,97.78,80.0,High,80.0,High,85.0,High,0,1.0,[],96,True,True,True,3,7,92
Recovering From Illness,Intermediate,46.36,Medium,55.86,0.33,88.0,80.0,High,80.0,High,85.0,High,0,1.0,[],96,True,True,True,2,6,92
Healthy High Performer,Intermediate,84.89,Low,85.03,0.31,96.05,80.0,High,80.0,High,85.0,High,0,1.0,[],96,True,True,True,1,5,92
Executive,Morning,21.64,High,39.65,0.39,100.0,80.0,High,88.0,High,89.0,High,0,1.0,[],96,True,True,True,5,9,92
New Parent,Evening,19.61,High,33.84,2.03,95.81,80.0,High,80.0,High,85.0,High,0,1.0,[],96,True,True,True,3,7,92
Burned-Out Professional,Morning,6.09,High,17.85,2.54,100.0,80.0,High,88.0,High,89.0,High,0,1.0,[],96,True,True,True,5,9,92
Founder,Evening,21.08,High,26.66,2.02,100.0,80.0,High,88.0,High,89.0,High,0,1.0,[],96,True,True,True,4,8,92
Student,Intermediate,43.02,High,44.96,1.54,100.0,80.0,High,88.0,High,89.0,High,0,1.0,[],96,True,True,True,3,7,92
Student,Morning,30.6,High,38.65,2.62,100.0,80.0,High,80.0,High,85.0,High,0,1.0,[],96,True,True,True,4,8,92
Founder,Evening,13.42,High,30.05,1.8,100.0,80.0,High,88.0,High,89.0,High,0,1.0,[],96,True,True,True,4,8,92
Student,Intermediate,39.55,Medium,43.78,1.24,100.0,80.0,High,88.0,High,89.0,High,0,1.0,[],96,True,True,True,2,6,92
Executive,Intermediate,29.82,High,38.51,0.3,100.0,80.0,High,88.0,High,89.0,High,0,1.0,[],96,True,True,True,4,8,92
Founder,Evening,20.26,High,22.14,3.29,100.0,80.0,High,80.0,High,85.0,High,0,1.0,[],96,True,True,True,3,7,92
Burned-Out Professional,Intermediate,8.58,High,8.95,2.61,100.0,80.0,High,88.0,High,89.0,High,0,1.0,[],96,True,True,True,4,8,92
Healthy High Performer,Intermediate,78.44,Low,84.45,0.0,100.0,80.0,High,80.0,High,85.0,High,0,1.0,[],96,True,True,True,1,5,92
Founder,Evening,9.94,High,21.18,1.61,100.0,80.0,High,88.0,High,89.0,High,0,1.0,[],96,True,True,True,4,8,92
Executive,Evening,25.05,High,33.29,1.53,100.0,80.0,High,88.0,High,89.0,High,0,1.0,[],96,True,True,True,3,7,92
Executive,Morning,40.57,Medium,46.58,0.73,100.0,80.0,High,80.0,High,85.0,High,0,1.0,[],96,True,True,True,3,7,92
Founder,Evening,7.03,High,16.33,2.46,100.0,80.0,High,88.0,High,89.0,High,0,1.0,[],96,True,True,True,4,8,92
Knowledge Worker,Evening,52.79,Medium,60.67,0.87,100.0,80.0,High,80.0,High,85.0,High,0,1.0,[],96,True,True,True,2,6,92
Burned-Out Professional,Evening,3.62,High,3.59,2.79,100.0,64.0,Moderate,72.0,Moderate,73.0,Moderate,0,1.0,['fatigue_score was outside the expected range and was clipped to 10.0.'],94,True,True,True,4,8,82
Founder,Intermediate,14.61,High,27.51,0.87,100.0,80.0,High,88.0,High,89.0,High,0,1.0,[],96,True,True,True,4,8,92
Burned-Out Professional,Intermediate,7.3,High,5.37,2.71,100.0,80.0,High,88.0,High,89.0,High,0,1.0,[],96,True,True,True,4,8,92
Executive,Intermediate,14.24,High,25.32,1.67,100.0,80.0,High,88.0,High,89.0,High,0,1.0,[],96,True,True,True,4,8,92
Burned-Out Professional,Intermediate,0.08,High,8.6,3.09,100.0,80.0,High,88.0,High,89.0,High,0,1.0,[],96,True,True,True,4,8,92
Shift Worker,Evening,14.61,High,36.01,1.95,100.0,80.0,High,88.0,High,89.0,High,0,1.0,[],96,True,True,True,4,8,92
Healthy High Performer,Evening,81.16,Low,87.87,0.0,100.0,80.0,High,80.0,High,85.0,High,0,1.0,[],96,True,True,True,1,5,92
Student,Morning,38.27,Medium,44.3,2.44,89.13,80.0,High,80.0,High,85.0,High,0,1.0,[],96,True,True,True,3,7,92
Student,Morning,24.63,High,41.95,1.29,100.0,80.0,High,88.0,High,89.0,High,0,1.0,[],96,True,True,True,4,8,92
Remote Worker,Intermediate,45.31,Medium,52.96,1.98,100.0,80.0,High,80.0,High,85.0,High,0,1.0,[],96,True,True,True,2,6,92
Student,Morning,42.56,Medium,47.05,1.25,84.42,80.0,High,80.0,High,85.0,High,0,1.0,[],96,True,True,True,3,7,92
Recovering From Illness,Morning,41.16,Medium,62.51,0.0,70.93,80.0,High,80.0,High,85.0,High,0,1.0,[],96,True,True,True,3,7,92
Student,Intermediate,37.38,High,38.92,1.07,100.0,80.0,High,80.0,High,85.0,High,0,1.0,[],96,True,True,True,3,7,92
Burned-Out Professional,Evening,0.0,High,6.34,2.85,100.0,72.0,Moderate,80.0,High,81.0,High,0,1.0,[],96,True,True,True,4,8,92
Burned-Out Professional,Morning,0.0,High,0.0,3.43,100.0,72.0,Moderate,80.0,High,81.0,High,0,1.0,[],96,True,True,True,5,9,92
Healthy High Performer,Morning,89.09,Low,93.1,0.0,100.0,80.0,High,80.0,High,85.0,High,0,1.0,[],96,True,True,True,2,6,92
Knowledge Worker,Intermediate,58.37,Medium,66.59,0.83,100.0,80.0,High,80.0,High,85.0,High,0,1.0,[],96,True,True,True,2,6,92
Knowledge Worker,Evening,48.53,Medium,58.25,0.72,100.0,80.0,High,80.0,High,85.0,High,0,1.0,[],96,True,True,True,2,6,92
Recovering From Illness,Evening,48.41,Medium,49.46,0.0,81.31,80.0,High,80.0,High,85.0,High,0,1.0,[],96,True,True,True,2,6,92
Student,Morning,50.16,Medium,53.75,0.17,100.0,80.0,High,88.0,High,89.0,High,0,1.0,[],96,True,True,True,3,7,92
Healthy High Performer,Morning,81.67,Low,82.03,0.0,100.0,80.0,High,80.0,High,85.0,High,0,1.0,[],96,True,True,True,2,6,92
Student,Morning,43.65,Medium,48.36,1.08,100.0,80.0,High,88.0,High,89.0,High,0,1.0,[],96,True,True,True,3,7,92
New Parent,Intermediate,18.34,High,26.21,2.47,91.91,80.0,High,80.0,High,85.0,High,0,1.0,[],96,True,True,True,4,8,92
Burned-Out Professional,Morning,0.0,High,2.49,4.92,100.0,72.0,Moderate,80.0,High,81.0,High,0,1.0,[],96,True,True,True,5,9,92
Healthy High Performer,Evening,83.52,Low,86.11,0.78,100.0,80.0,High,80.0,High,85.0,High,0,1.0,[],96,True,True,True,1,5,92
Shift Worker,Morning,25.57,High,41.45,1.55,100.0,80.0,High,80.0,High,85.0,High,0,1.0,[],96,True,True,True,5,9,92
Remote Worker,Evening,56.17,Medium,64.76,0.0,100.0,80.0,High,80.0,High,85.0,High,0,1.0,[],96,True,True,True,2,6,92
Executive,Evening,23.09,High,37.51,2.27,100.0,80.0,High,80.0,High,85.0,High,0,1.0,[],96,True,True,True,3,7,92
Student,Intermediate,40.06,Medium,46.5,1.46,100.0,80.0,High,80.0,High,85.0,High,0,1.0,[],96,True,True,True,2,6,92
Recovering From Illness,Evening,43.37,Low,69.8,0.0,90.08,80.0,High,80.0,High,85.0,High,0,1.0,[],96,True,True,True,2,6,92
New Parent,Evening,18.19,High,31.39,1.93,100.0,80.0,High,80.0,High,85.0,High,0,1.0,[],96,True,True,True,4,8,92
Recovering From Illness,Morning,47.5,Medium,59.83,0.0,75.34,80.0,High,80.0,High,85.0,High,0,1.0,[],96,True,True,True,3,7,92
Student,Morning,35.52,Medium,42.69,1.47,100.0,80.0,High,80.0,High,85.0,High,0,1.0,[],96,True,True,True,3,7,92
New Parent,Intermediate,19.0,High,35.37,1.95,100.0,80.0,High,80.0,High,85.0,High,0,1.0,[],96,True,True,True,4,8,92
Student,Evening,37.99,Medium,44.38,2.4,95.96,80.0,High,80.0,High,85.0,High,0,1.0,[],96,True,True,True,2,6,92
New Parent,Evening,12.72,High,22.54,2.75,100.0,80.0,High,80.0,High,85.0,High,0,1.0,[],96,True,True,True,4,8,92
Recovering From Illness,Morning,37.69,Medium,64.12,0.0,95.59,80.0,High,80.0,High,85.0,High,0,1.0,[],96,True,True,True,3,7,92
Burned-Out Professional,Intermediate,7.39,High,13.48,1.58,100.0,72.0,Moderate,80.0,High,81.0,High,0,1.0,[],96,True,True,True,4,8,92
Remote Worker,Evening,46.41,Medium,52.33,2.2,98.25,80.0,High,80.0,High,85.0,High,0,1.0,[],96,True,True,True,2,6,92
Healthy High Performer,Evening,76.81,Low,81.87,0.0,100.0,80.0,High,80.0,High,85.0,High,0,1.0,[],96,True,True,True,1,5,92
Burned-Out Professional,Morning,4.36,High,12.41,2.91,100.0,80.0,High,88.0,High,89.0,High,0,1.0,[],96,True,True,True,5,9,92
Recovering From Illness,Intermediate,45.49,Low,68.17,0.0,82.22,80.0,High,80.0,High,85.0,High,0,1.0,[],96,True,True,True,2,6,92
Executive,Intermediate,24.43,High,36.22,2.17,100.0,80.0,High,88.0,High,89.0,High,0,1.0,[],96,True,True,True,3,7,92
Student,Evening,37.22,Medium,42.44,1.49,100.0,80.0,High,80.0,High,85.0,High,0,1.0,[],96,True,True,True,2,6,92
Founder,Evening,19.23,High,29.09,1.98,100.0,80.0,High,88.0,High,89.0,High,0,1.0,[],96,True,True,True,3,7,92
Remote Worker,Evening,56.37,Medium,59.45,0.11,100.0,80.0,High,80.0,High,85.0,High,0,1.0,[],96,True,True,True,2,6,92
Shift Worker,Evening,27.99,Medium,43.11,1.4,87.44,80.0,High,80.0,High,85.0,High,0,1.0,[],96,True,True,True,2,6,92
Student,Evening,39.25,Medium,42.95,2.25,100.0,80.0,High,80.0,High,85.0,High,0,1.0,[],96,True,True,True,2,6,92
Recovering From Illness,Evening,38.99,Low,65.58,0.0,68.01,80.0,High,80.0,High,85.0,High,0,1.0,[],96,True,True,True,2,6,92
Remote Worker,Intermediate,43.15,Medium,49.09,1.87,100.0,80.0,High,80.0,High,85.0,High,0,1.0,[],96,True,True,True,2,6,92
Student,Evening,47.75,Medium,49.24,1.82,94.66,80.0,High,80.0,High,85.0,High,0,1.0,[],96,True,True,True,2,6,92
New Parent,Evening,20.09,High,36.3,1.64,100.0,80.0,High,88.0,High,89.0,High,0,1.0,[],96,True,True,True,3,7,92
New Parent,Evening,5.93,High,18.09,3.39,100.0,80.0,High,80.0,High,85.0,High,0,1.0,[],96,True,True,True,4,8,92
Burned-Out Professional,Intermediate,5.73,High,8.11,2.96,100.0,80.0,High,88.0,High,89.0,High,0,1.0,[],96,True,True,True,4,8,92
Healthy High Performer,Intermediate,77.91,Low,82.37,0.0,100.0,80.0,High,80.0,High,85.0,High,0,1.0,[],96,True,True,True,1,5,92
Recovering From Illness,Evening,39.57,Medium,59.8,0.0,71.91,80.0,High,80.0,High,85.0,High,0,1.0,[],96,True,True,True,2,6,92
Remote Worker,Intermediate,47.23,Medium,61.28,0.2,100.0,80.0,High,80.0,High,85.0,High,0,1.0,[],96,True,True,True,2,6,92
Shift Worker,Evening,23.62,High,37.58,1.22,96.11,80.0,High,80.0,High,85.0,High,0,1.0,[],96,True,True,True,3,7,92
Burned-Out Professional,Evening,6.6,High,4.51,3.02,100.0,72.0,Moderate,80.0,High,81.0,High,0,1.0,[],96,True,True,True,4,8,92
Shift Worker,Intermediate,23.15,Medium,39.62,1.84,88.0,80.0,High,80.0,High,85.0,High,0,1.0,[],96,True,True,True,2,6,92
Student,Evening,33.45,High,40.15,2.14,99.51,80.0,High,80.0,High,85.0,High,0,1.0,[],96,True,True,True,3,7,92
New Parent,Evening,19.95,High,23.48,2.83,100.0,80.0,High,88.0,High,89.0,High,0,1.0,[],96,True,True,True,4,8,92
Student,Intermediate,26.41,High,38.87,2.14,100.0,80.0,High,80.0,High,85.0,High,0,1.0,[],96,True,True,True,3,7,92
Recovering From Illness,Morning,43.3,Low,64.84,0.0,68.03,80.0,High,80.0,High,85.0,High,0,1.0,[],96,True,True,True,3,7,92
Founder,Morning,14.38,High,26.01,2.16,100.0,80.0,High,88.0,High,89.0,High,0,1.0,[],96,True,True,True,4,8,92
Burned-Out Professional,Morning,1.99,High,10.65,2.72,100.0,72.0,Moderate,80.0,High,81.0,High,0,1.0,['fatigue_score was outside the expected range and was clipped to 10.0.'],96,True,True,True,5,9,82
Executive,Morning,27.59,High,27.46,1.88,100.0,80.0,High,80.0,High,85.0,High,0,1.0,[],96,True,True,True,5,9,92
Executive,Morning,15.83,High,28.63,2.11,100.0,80.0,High,88.0,High,89.0,High,0,1.0,[],96,True,True,True,5,9,92
Recovering From Illness,Intermediate,40.66,Low,59.93,0.0,76.25,80.0,High,80.0,High,85.0,High,0,1.0,[],96,True,True,True,2,6,92
Knowledge Worker,Morning,48.46,Medium,63.58,0.8,98.62,80.0,High,80.0,High,85.0,High,0,1.0,[],96,True,True,True,3,7,92
Recovering From Illness,Intermediate,47.83,Medium,59.77,0.28,84.0,80.0,High,80.0,High,85.0,High,0,1.0,[],96,True,True,True,2,6,92
Recovering From Illness,Intermediate,39.77,Medium,54.02,0.29,77.25,80.0,High,80.0,High,85.0,High,0,1.0,[],96,True,True,True,2,6,92
New Parent,Intermediate,11.44,High,22.68,1.3,100.0,80.0,High,88.0,High,89.0,High,0,1.0,[],96,True,True,True,4,8,92
Shift Worker,Intermediate,28.67,Medium,45.38,1.24,100.0,80.0,High,80.0,High,85.0,High,0,1.0,[],96,True,True,True,2,6,92
Student,Evening,38.02,High,39.68,2.76,100.0,80.0,High,80.0,High,85.0,High,0,1.0,[],96,True,True,True,3,7,92
Shift Worker,Morning,13.98,High,28.0,1.89,92.34,80.0,High,88.0,High,89.0,High,0,1.0,[],96,True,True,True,4,8,92
Healthy High Performer,Morning,87.27,Low,85.23,1.23,100.0,80.0,High,80.0,High,85.0,High,0,1.0,[],96,True,True,True,2,6,92
Student,Intermediate,33.92,High,38.49,1.89,88.99,80.0,High,80.0,High,85.0,High,0,1.0,[],96,True,True,True,3,7,92
New Parent,Morning,17.92,High,32.36,2.26,100.0,80.0,High,80.0,High,85.0,High,0,1.0,[],96,True,True,True,4,8,92
Student,Evening,39.99,Medium,47.66,1.27,100.0,80.0,High,88.0,High,89.0,High,0,1.0,[],96,True,True,True,2,6,92
Healthy High Performer,Morning,83.89,Low,89.52,0.04,100.0,80.0,High,80.0,High,85.0,High,0,1.0,[],96,True,True,True,2,6,92
Remote Worker,Intermediate,55.27,Medium,64.83,0.5,100.0,80.0,High,80.0,High,85.0,High,0,1.0,[],96,True,True,True,2,6,92
Remote Worker,Evening,44.77,Medium,59.62,0.0,100.0,80.0,High,80.0,High,85.0,High,0,1.0,[],96,True,True,True,2,6,92
Executive,Morning,27.93,High,33.3,1.64,100.0,80.0,High,80.0,High,85.0,High,0,1.0,[],96,True,True,True,5,9,92
Burned-Out Professional,Evening,0.3,High,7.21,3.86,100.0,80.0,High,88.0,High,89.0,High,0,1.0,[],96,True,True,True,4,8,92
Executive,Intermediate,24.72,High,25.63,2.65,100.0,80.0,High,88.0,High,89.0,High,0,1.0,[],96,True,True,True,4,8,92
Founder,Morning,16.67,High,30.59,2.29,100.0,80.0,High,88.0,High,89.0,High,0,1.0,[],96,True,True,True,4,8,92
Founder,Intermediate,19.23,High,14.33,2.45,100.0,80.0,High,88.0,High,89.0,High,0,1.0,[],96,True,True,True,4,8,92
Student,Evening,30.48,Medium,40.8,1.34,96.79,80.0,High,80.0,High,85.0,High,0,1.0,[],96,True,True,True,2,6,92
Executive,Evening,23.43,High,42.63,0.0,100.0,80.0,High,88.0,High,89.0,High,0,1.0,[],96,True,True,True,4,8,92
Shift Worker,Evening,36.46,Medium,47.5,1.11,100.0,80.0,High,80.0,High,85.0,High,0,1.0,[],96,True,True,True,2,6,92
Knowledge Worker,Intermediate,42.77,Medium,51.0,1.38,100.0,80.0,High,80.0,High,85.0,High,0,1.0,[],96,True,True,True,2,6,92
Remote Worker,Intermediate,50.69,Medium,53.18,1.04,94.0,80.0,High,80.0,High,85.0,High,0,1.0,[],96,True,True,True,2,6,92
Burned-Out Professional,Intermediate,0.6,High,2.93,2.79,100.0,72.0,Moderate,80.0,High,81.0,High,0,1.0,[],96,True,True,True,4,8,92
Healthy High Performer,Morning,72.91,Low,82.86,0.95,100.0,80.0,High,80.0,High,85.0,High,0,1.0,[],96,True,True,True,2,6,92
Student,Morning,33.91,High,40.2,1.67,100.0,80.0,High,80.0,High,85.0,High,0,1.0,[],96,True,True,True,4,8,92
Student,Intermediate,46.52,Medium,42.87,2.2,95.65,80.0,High,80.0,High,85.0,High,0,1.0,[],96,True,True,True,2,6,92
Recovering From Illness,Morning,45.42,Medium,53.81,0.12,74.47,80.0,High,80.0,High,85.0,High,0,1.0,[],96,True,True,True,3,7,92
Healthy High Performer,Evening,73.44,Low,75.8,0.68,100.0,80.0,High,80.0,High,85.0,High,0,1.0,[],96,True,True,True,1,5,92
Shift Worker,Morning,13.55,High,33.66,1.58,100.0,80.0,High,80.0,High,85.0,High,0,1.0,[],96,True,True,True,5,9,92
Burned-Out Professional,Morning,1.79,High,8.45,2.79,100.0,80.0,High,88.0,High,89.0,High,0,1.0,[],96,True,True,True,5,9,92
Founder,Evening,23.83,High,36.61,0.51,100.0,80.0,High,88.0,High,89.0,High,0,1.0,[],96,True,True,True,3,7,92
Recovering From Illness,Intermediate,39.34,Medium,58.28,0.0,73.47,80.0,High,80.0,High,85.0,High,0,1.0,[],96,True,True,True,2,6,92
Executive,Morning,25.44,High,33.74,1.81,100.0,80.0,High,88.0,High,89.0,High,0,1.0,[],96,True,True,True,5,9,92
Burned-Out Professional,Intermediate,4.44,High,22.17,2.24,100.0,80.0,High,88.0,High,89.0,High,0,1.0,[],96,True,True,True,4,8,92
Remote Worker,Evening,49.26,Medium,59.96,1.01,100.0,80.0,High,80.0,High,85.0,High,0,1.0,[],96,True,True,True,2,6,92
Knowledge Worker,Evening,61.74,Medium,72.19,0.0,97.34,80.0,High,80.0,High,85.0,High,0,1.0,[],96,True,True,True,2,6,92
Shift Worker,Morning,18.32,High,29.32,2.81,100.0,80.0,High,80.0,High,85.0,High,0,1.0,[],96,True,True,True,4,8,92
Recovering From Illness,Morning,47.4,Medium,66.02,0.0,79.5,80.0,High,80.0,High,85.0,High,0,1.0,[],96,True,True,True,3,7,92
Healthy High Performer,Evening,79.61,Low,78.05,0.63,100.0,80.0,High,80.0,High,85.0,High,0,1.0,[],96,True,True,True,1,5,92
Student,Morning,32.85,High,37.22,2.43,100.0,80.0,High,80.0,High,85.0,High,0,1.0,[],96,True,True,True,4,8,92
Student,Evening,39.71,Medium,46.33,1.73,87.82,80.0,High,80.0,High,85.0,High,0,1.0,[],96,True,True,True,2,6,92
Shift Worker,Morning,27.21,Medium,48.73,0.5,94.98,80.0,High,80.0,High,85.0,High,0,1.0,[],96,True,True,True,3,7,92
Student,Morning,36.09,Medium,52.22,1.51,100.0,80.0,High,80.0,High,85.0,High,0,1.0,[],96,True,True,True,3,7,92
Remote Worker,Intermediate,45.42,Medium,55.21,1.48,100.0,80.0,High,80.0,High,85.0,High,0,1.0,[],96,True,True,True,2,6,92
Healthy High Performer,Morning,80.82,Low,88.42,0.0,100.0,80.0,High,80.0,High,85.0,High,0,1.0,[],96,True,True,True,2,6,92
Student,Intermediate,47.71,Medium,62.2,0.0,96.97,80.0,High,80.0,High,85.0,High,0,1.0,[],96,True,True,True,2,6,92
Remote Worker,Evening,48.56,Medium,58.03,0.0,100.0,80.0,High,80.0,High,85.0,High,0,1.0,[],96,True,True,True,2,6,92
Executive,Evening,27.66,High,31.83,2.05,100.0,80.0,High,80.0,High,85.0,High,0,1.0,[],96,True,True,True,4,8,92
Executive,Morning,25.96,High,29.99,1.94,100.0,80.0,High,88.0,High,89.0,High,0,1.0,[],96,True,True,True,5,9,92
Student,Intermediate,47.63,Medium,57.17,0.12,100.0,80.0,High,80.0,High,85.0,High,0,1.0,[],96,True,True,True,2,6,92
Burned-Out Professional,Morning,2.37,High,9.04,2.77,100.0,72.0,Moderate,80.0,High,81.0,High,0,1.0,[],96,True,True,True,5,9,92
Executive,Evening,27.14,High,32.93,1.39,100.0,80.0,High,88.0,High,89.0,High,0,1.0,[],96,True,True,True,3,7,92
Shift Worker,Evening,24.07,High,37.46,1.38,100.0,80.0,High,80.0,High,85.0,High,0,1.0,[],96,True,True,True,4,8,92
Shift Worker,Evening,22.14,High,36.56,1.45,100.0,80.0,High,80.0,High,85.0,High,0,1.0,[],96,True,True,True,4,8,92
Burned-Out Professional,Morning,0.0,High,0.0,3.87,100.0,80.0,High,88.0,High,89.0,High,0,1.0,[],96,True,True,True,5,9,92
Executive,Intermediate,13.55,High,26.4,2.47,100.0,72.0,Moderate,80.0,High,81.0,High,0,1.0,[],96,True,True,True,3,7,92
Remote Worker,Intermediate,36.72,Medium,48.82,0.76,100.0,80.0,High,80.0,High,85.0,High,0,1.0,[],96,True,True,True,2,6,92
Shift Worker,Morning,35.46,Medium,49.12,1.12,100.0,80.0,High,80.0,High,85.0,High,0,1.0,[],96,True,True,True,3,7,92
Shift Worker,Intermediate,29.29,High,43.14,1.52,100.0,80.0,High,88.0,High,89.0,High,0,1.0,[],96,True,True,True,3,7,92
New Parent,Evening,9.43,High,24.22,2.55,100.0,80.0,High,80.0,High,85.0,High,0,1.0,[],96,True,True,True,4,8,92
Recovering From Illness,Evening,40.39,Medium,57.87,0.24,62.44,80.0,High,80.0,High,85.0,High,0,1.0,[],96,True,True,True,2,6,92
Knowledge Worker,Intermediate,40.72,Medium,52.75,1.44,97.72,80.0,High,80.0,High,85.0,High,0,1.0,[],96,True,True,True,2,6,92
Knowledge Worker,Evening,55.75,Medium,70.04,0.0,100.0,80.0,High,80.0,High,85.0,High,0,1.0,[],96,True,True,True,2,6,92
Founder,Evening,20.81,High,40.46,1.34,100.0,80.0,High,88.0,High,89.0,High,0,1.0,[],96,True,True,True,3,7,92
Shift Worker,Evening,25.9,High,43.37,1.48,95.88,80.0,High,88.0,High,89.0,High,0,1.0,[],96,True,True,True,4,8,92
Remote Worker,Intermediate,33.83,Medium,40.8,2.91,100.0,80.0,High,80.0,High,85.0,High,0,1.0,[],96,True,True,True,2,6,92
Remote Worker,Morning,54.77,Medium,52.42,1.69,100.0,80.0,High,80.0,High,85.0,High,0,1.0,[],96,True,True,True,3,7,92
Recovering From Illness,Intermediate,41.41,Medium,61.5,0.0,69.3,80.0,High,80.0,High,85.0,High,0,1.0,[],96,True,True,True,2,6,92
Knowledge Worker,Morning,49.23,Medium,62.61,0.17,100.0,80.0,High,80.0,High,85.0,High,0,1.0,[],96,True,True,True,3,7,92
Shift Worker,Morning,22.39,High,38.14,0.41,89.92,80.0,High,80.0,High,85.0,High,0,1.0,[],96,True,True,True,5,9,92
Healthy High Performer,Morning,90.71,Low,94.49,0.0,100.0,80.0,High,80.0,High,85.0,High,0,1.0,[],96,True,True,True,2,6,92
Healthy High Performer,Evening,83.22,Low,82.63,0.05,100.0,80.0,High,80.0,High,85.0,High,0,1.0,[],96,True,True,True,1,5,92
Student,Morning,31.92,High,36.36,1.64,96.72,80.0,High,88.0,High,89.0,High,0,1.0,[],96,True,True,True,4,8,92
Founder,Morning,12.57,High,19.84,2.57,100.0,80.0,High,88.0,High,89.0,High,0,1.0,[],96,True,True,True,5,9,92
Healthy High Performer,Morning,91.3,Low,90.67,0.0,100.0,80.0,High,80.0,High,85.0,High,0,1.0,[],96,True,True,True,2,6,92
Remote Worker,Evening,43.83,Medium,58.17,0.38,100.0,80.0,High,80.0,High,85.0,High,0,1.0,[],96,True,True,True,2,6,92
Healthy High Performer,Intermediate,88.08,Low,90.64,0.54,100.0,80.0,High,80.0,High,85.0,High,0,1.0,[],96,True,True,True,1,5,92
Recovering From Illness,Evening,42.78,Low,63.81,0.0,72.1,80.0,High,80.0,High,85.0,High,0,1.0,[],96,True,True,True,2,6,92
Healthy High Performer,Intermediate,78.54,Low,86.78,0.0,99.47,80.0,High,80.0,High,85.0,High,0,1.0,[],96,True,True,True,1,5,92
Student,Morning,40.73,Medium,49.12,1.38,88.29,80.0,High,80.0,High,85.0,High,0,1.0,[],96,True,True,True,3,7,92
Founder,Evening,20.8,High,28.37,2.35,100.0,80.0,High,88.0,High,89.0,High,0,1.0,[],96,True,True,True,3,7,92
Recovering From Illness,Evening,32.85,Medium,52.52,0.05,85.23,80.0,High,80.0,High,85.0,High,0,1.0,[],96,True,True,True,2,6,92
Remote Worker,Intermediate,36.87,Medium,48.58,0.95,100.0,80.0,High,80.0,High,85.0,High,0,1.0,[],96,True,True,True,2,6,92
Recovering From Illness,Evening,43.8,Low,68.03,0.0,69.96,80.0,High,80.0,High,85.0,High,0,1.0,[],96,True,True,True,2,6,92
Knowledge Worker,Evening,48.51,Medium,61.24,0.15,100.0,80.0,High,80.0,High,85.0,High,0,1.0,[],96,True,True,True,2,6,92
Burned-Out Professional,Morning,0.0,High,0.0,3.99,100.0,64.0,Moderate,72.0,Moderate,73.0,Moderate,0,1.0,['stress_level was outside the expected range and was clipped to 10.0.'],94,True,True,True,5,9,82
Knowledge Worker,Morning,43.88,Medium,52.01,1.67,100.0,80.0,High,80.0,High,85.0,High,0,1.0,[],96,True,True,True,3,7,92
Burned-Out Professional,Morning,0.0,High,1.46,3.99,100.0,80.0,High,88.0,High,89.0,High,0,1.0,[],96,True,True,True,5,9,92
Founder,Morning,17.14,High,34.24,1.53,100.0,80.0,High,88.0,High,89.0,High,0,1.0,[],96,True,True,True,5,9,92
Remote Worker,Morning,38.38,Medium,47.54,2.12,100.0,80.0,High,80.0,High,85.0,High,0,1.0,[],96,True,True,True,3,7,92
Remote Worker,Morning,44.53,Medium,59.78,0.0,100.0,80.0,High,80.0,High,85.0,High,0,1.0,[],96,True,True,True,3,7,92
Remote Worker,Intermediate,38.84,Medium,49.96,0.65,100.0,80.0,High,80.0,High,85.0,High,0,1.0,[],96,True,True,True,2,6,92
Knowledge Worker,Morning,60.28,Medium,67.56,0.0,100.0,80.0,High,80.0,High,85.0,High,0,1.0,[],96,True,True,True,3,7,92
Knowledge Worker,Morning,54.47,Medium,73.16,0.0,100.0,80.0,High,80.0,High,85.0,High,0,1.0,[],96,True,True,True,3,7,92
Executive,Evening,29.18,Medium,40.49,1.5,100.0,80.0,High,80.0,High,85.0,High,0,1.0,[],96,True,True,True,2,6,92
Student,Morning,48.31,Medium,48.04,0.9,100.0,80.0,High,80.0,High,85.0,High,0,1.0,[],96,True,True,True,3,7,92
Executive,Evening,25.41,High,36.77,2.46,100.0,80.0,High,80.0,High,85.0,High,0,1.0,[],96,True,True,True,3,7,92
Executive,Morning,16.88,High,25.79,2.34,100.0,80.0,High,88.0,High,89.0,High,0,1.0,[],96,True,True,True,4,8,92
Student,Intermediate,28.24,High,35.21,3.02,100.0,80.0,High,80.0,High,85.0,High,0,1.0,[],96,True,True,True,3,7,92
Founder,Morning,31.31,High,24.39,1.84,100.0,80.0,High,80.0,High,85.0,High,0,1.0,[],96,True,True,True,5,9,92
New Parent,Morning,9.03,High,28.89,2.08,100.0,80.0,High,80.0,High,85.0,High,0,1.0,[],96,True,True,True,5,9,92
Executive,Morning,27.93,High,44.04,0.03,100.0,80.0,High,88.0,High,89.0,High,0,1.0,[],96,True,True,True,5,9,92
Executive,Morning,26.72,High,40.67,1.48,100.0,80.0,High,80.0,High,85.0,High,0,1.0,[],96,True,True,True,5,9,92
Burned-Out Professional,Morning,0.97,High,4.19,3.05,100.0,64.0,Moderate,72.0,Moderate,73.0,Moderate,0,1.0,['stress_level was outside the expected range and was clipped to 10.0.'],94,True,True,True,5,9,82
Shift Worker,Morning,30.52,High,41.01,2.28,100.0,80.0,High,80.0,High,85.0,High,0,1.0,[],96,True,True,True,4,8,92
New Parent,Evening,15.82,High,36.4,1.86,99.58,80.0,High,80.0,High,85.0,High,0,1.0,[],96,True,True,True,4,8,92
Student,Intermediate,41.23,Medium,57.93,0.66,86.18,80.0,High,80.0,High,85.0,High,0,1.0,[],96,True,True,True,2,6,92
Burned-Out Professional,Intermediate,0.0,High,3.72,2.38,100.0,64.0,Moderate,72.0,Moderate,73.0,Moderate,0,1.0,['fatigue_score was outside the expected range and was clipped to 10.0.'],94,True,True,True,4,8,82
Remote Worker,Evening,43.73,Medium,50.16,1.13,100.0,80.0,High,80.0,High,85.0,High,0,1.0,[],96,True,True,True,2,6,92
Founder,Evening,24.8,High,26.82,1.97,100.0,72.0,Moderate,80.0,High,81.0,High,0,1.0,[],96,True,True,True,3,7,92
Knowledge Worker,Morning,60.31,Medium,67.26,0.61,96.79,80.0,High,80.0,High,85.0,High,0,1.0,[],96,True,True,True,3,7,92
Founder,Intermediate,13.66,High,23.24,1.9,100.0,80.0,High,88.0,High,89.0,High,0,1.0,[],96,True,True,True,4,8,92
New Parent,Evening,14.01,High,21.39,3.84,100.0,80.0,High,88.0,High,89.0,High,0,1.0,[],96,True,True,True,3,7,92
Burned-Out Professional,Intermediate,5.29,High,4.34,3.2,100.0,80.0,High,88.0,High,89.0,High,0,1.0,[],96,True,True,True,4,8,92
Healthy High Performer,Intermediate,86.83,Low,94.13,0.0,100.0,80.0,High,80.0,High,85.0,High,0,1.0,[],96,True,True,True,1,5,92
Recovering From Illness,Intermediate,37.84,Low,62.28,0.0,73.51,80.0,High,80.0,High,85.0,High,0,1.0,[],96,True,True,True,2,6,92
Knowledge Worker,Intermediate,45.62,Medium,60.64,0.0,99.12,80.0,High,80.0,High,85.0,High,0,1.0,[],96,True,True,True,2,6,92
Knowledge Worker,Intermediate,46.27,Medium,63.83,1.26,100.0,80.0,High,80.0,High,85.0,High,0,1.0,[],96,True,True,True,2,6,92
Burned-Out Professional,Morning,5.46,High,18.41,2.14,100.0,72.0,Moderate,80.0,High,81.0,High,0,1.0,['task_complexity was outside the expected range and was clipped to 10.0.'],96,True,True,True,5,9,82
Shift Worker,Intermediate,28.42,High,36.03,2.38,100.0,80.0,High,80.0,High,85.0,High,0,1.0,[],96,True,True,True,3,7,92
Knowledge Worker,Evening,55.46,Medium,69.49,0.1,100.0,80.0,High,80.0,High,85.0,High,0,1.0,[],96,True,True,True,2,6,92
Knowledge Worker,Evening,47.08,Medium,56.91,1.72,100.0,80.0,High,80.0,High,85.0,High,0,1.0,[],96,True,True,True,2,6,92
Executive,Morning,13.55,High,15.52,2.79,100.0,80.0,High,88.0,High,89.0,High,0,1.0,[],96,True,True,True,5,9,92
Knowledge Worker,Evening,53.2,Medium,56.05,1.41,100.0,80.0,High,80.0,High,85.0,High,0,1.0,[],96,True,True,True,2,6,92
Recovering From Illness,Intermediate,47.66,Medium,60.88,0.0,83.85,80.0,High,80.0,High,85.0,High,0,1.0,[],96,True,True,True,2,6,92
Shift Worker,Evening,25.36,High,38.19,2.29,100.0,80.0,High,80.0,High,85.0,High,0,1.0,[],96,True,True,True,4,8,92
Shift Worker,Morning,27.15,High,35.26,2.09,100.0,80.0,High,80.0,High,85.0,High,0,1.0,[],96,True,True,True,5,9,92
Shift Worker,Evening,18.72,High,31.59,2.21,100.0,80.0,High,80.0,High,85.0,High,0,1.0,[],96,True,True,True,4,8,92
New Parent,Morning,27.94,Medium,42.82,1.74,100.0,80.0,High,80.0,High,85.0,High,0,1.0,[],96,True,True,True,3,7,92
Shift Worker,Intermediate,26.62,High,33.74,2.86,96.81,80.0,High,80.0,High,85.0,High,0,1.0,[],96,True,True,True,3,7,92
Founder,Morning,14.07,High,30.62,0.0,100.0,72.0,Moderate,80.0,High,81.0,High,0,1.0,[],96,True,True,True,5,9,92
Knowledge Worker,Intermediate,56.69,Medium,60.06,0.83,100.0,80.0,High,80.0,High,85.0,High,0,1.0,[],96,True,True,True,2,6,92
Founder,Evening,17.03,High,18.74,3.22,100.0,80.0,High,88.0,High,89.0,High,0,1.0,[],96,True,True,True,4,8,92
Shift Worker,Morning,30.04,Medium,47.13,1.14,95.31,80.0,High,80.0,High,85.0,High,0,1.0,[],96,True,True,True,3,7,92
Shift Worker,Intermediate,40.02,Medium,48.84,1.26,100.0,80.0,High,80.0,High,85.0,High,0,1.0,[],96,True,True,True,2,6,92
Executive,Evening,25.31,High,35.22,1.72,100.0,80.0,High,88.0,High,89.0,High,0,1.0,[],96,True,True,True,3,7,92
Recovering From Illness,Evening,41.28,Medium,52.15,1.53,83.34,80.0,High,80.0,High,85.0,High,0,1.0,[],96,True,True,True,2,6,92
Founder,Intermediate,8.37,High,14.11,2.43,100.0,80.0,High,88.0,High,89.0,High,0,1.0,[],96,True,True,True,4,8,92
Shift Worker,Morning,33.62,Medium,42.56,1.84,94.05,80.0,High,80.0,High,85.0,High,0,1.0,[],96,True,True,True,3,7,92
Executive,Morning,28.83,High,44.28,1.08,100.0,80.0,High,80.0,High,85.0,High,0,1.0,[],96,True,True,True,4,8,92
Burned-Out Professional,Morning,3.55,High,13.79,2.54,100.0,80.0,High,88.0,High,89.0,High,0,1.0,[],96,True,True,True,5,9,92
Recovering From Illness,Morning,38.74,Low,64.7,0.0,72.38,80.0,High,80.0,High,85.0,High,0,1.0,[],96,True,True,True,3,7,92
Knowledge Worker,Morning,55.52,Medium,67.05,0.09,100.0,80.0,High,80.0,High,85.0,High,0,1.0,[],96,True,True,True,3,7,92
Shift Worker,Morning,33.01,Medium,52.55,0.54,100.0,80.0,High,80.0,High,85.0,High,0,1.0,[],96,True,True,True,3,7,92
Shift Worker,Evening,33.14,Medium,48.63,0.82,92.45,80.0,High,80.0,High,85.0,High,0,1.0,[],96,True,True,True,2,6,92
Remote Worker,Evening,49.65,Medium,57.25,0.47,100.0,80.0,High,80.0,High,85.0,High,0,1.0,[],96,True,True,True,2,6,92
New Parent,Morning,16.7,High,35.95,2.05,100.0,80.0,High,88.0,High,89.0,High,0,1.0,[],96,True,True,True,5,9,92
Knowledge Worker,Morning,62.17,Low,74.92,0.14,100.0,80.0,High,80.0,High,85.0,High,0,1.0,[],96,True,True,True,3,7,92
Burned-Out Professional,Morning,2.36,High,8.03,2.9,100.0,80.0,High,88.0,High,89.0,High,0,1.0,[],96,True,True,True,5,9,92
Student,Morning,42.79,Medium,47.42,1.26,93.59,80.0,High,80.0,High,85.0,High,0,1.0,[],96,True,True,True,3,7,92
Student,Intermediate,38.45,Medium,43.03,0.76,95.59,80.0,High,88.0,High,89.0,High,0,1.0,[],96,True,True,True,2,6,92
Knowledge Worker,Evening,54.2,Medium,54.88,1.39,100.0,80.0,High,80.0,High,85.0,High,0,1.0,[],96,True,True,True,2,6,92
Founder,Morning,8.73,High,27.15,1.73,100.0,80.0,High,88.0,High,89.0,High,0,1.0,[],96,True,True,True,5,9,92
Burned-Out Professional,Morning,0.83,High,6.98,3.8,100.0,80.0,High,88.0,High,89.0,High,0,1.0,[],96,True,True,True,5,9,92
Burned-Out Professional,Morning,7.2,High,14.74,1.67,100.0,80.0,High,88.0,High,89.0,High,0,1.0,[],96,True,True,True,5,9,92
Knowledge Worker,Morning,55.65,Medium,61.96,0.26,100.0,80.0,High,80.0,High,85.0,High,0,1.0,[],96,True,True,True,3,7,92
Knowledge Worker,Morning,59.17,Low,69.37,0.0,100.0,80.0,High,80.0,High,85.0,High,0,1.0,[],96,True,True,True,3,7,92
Student,Evening,28.33,High,40.97,1.24,100.0,80.0,High,88.0,High,89.0,High,0,1.0,[],96,True,True,True,4,8,92
Executive,Morning,18.38,High,30.72,2.11,100.0,80.0,High,80.0,High,85.0,High,0,1.0,[],96,True,True,True,5,9,92
New Parent,Intermediate,11.77,High,22.01,2.81,100.0,80.0,High,88.0,High,89.0,High,0,1.0,[],96,True,True,True,4,8,92
Executive,Evening,14.33,High,36.73,1.58,100.0,80.0,High,80.0,High,85.0,High,0,1.0,[],96,True,True,True,4,8,92
Executive,Morning,25.69,High,31.14,2.64,100.0,80.0,High,88.0,High,89.0,High,0,1.0,[],96,True,True,True,5,9,92
Healthy High Performer,Intermediate,90.63,Low,90.83,0.0,100.0,80.0,High,80.0,High,85.0,High,0,1.0,[],96,True,True,True,1,5,92
Burned-Out Professional,Morning,0.0,High,6.77,2.96,100.0,80.0,High,88.0,High,89.0,High,0,1.0,[],96,True,True,True,5,9,92
Executive,Morning,25.58,High,31.17,1.96,100.0,80.0,High,88.0,High,89.0,High,0,1.0,[],96,True,True,True,4,8,92
Healthy High Performer,Intermediate,91.07,Low,91.68,0.13,100.0,80.0,High,80.0,High,85.0,High,0,1.0,[],96,True,True,True,1,5,92
Healthy High Performer,Evening,96.9,Low,100.0,0.0,100.0,80.0,High,80.0,High,85.0,High,0,1.0,[],96,True,True,True,1,5,92
Founder,Evening,14.95,High,28.13,1.1,100.0,80.0,High,88.0,High,89.0,High,0,1.0,[],96,True,True,True,4,8,92
Recovering From Illness,Intermediate,41.12,Low,65.18,0.0,84.56,80.0,High,80.0,High,85.0,High,0,1.0,[],96,True,True,True,2,6,92
Executive,Intermediate,40.22,Medium,49.81,0.12,100.0,80.0,High,80.0,High,85.0,High,0,1.0,[],96,True,True,True,2,6,92
Burned-Out Professional,Morning,3.8,High,7.7,2.33,100.0,72.0,Moderate,80.0,High,81.0,High,0,1.0,[],96,True,True,True,5,9,92
Recovering From Illness,Morning,37.09,Low,66.82,0.0,74.18,80.0,High,80.0,High,85.0,High,0,1.0,[],96,True,True,True,3,7,92
Recovering From Illness,Intermediate,48.36,Low,67.66,0.0,58.98,80.0,High,80.0,High,85.0,High,0,1.0,[],96,True,True,True,2,6,92
Executive,Intermediate,21.64,High,32.34,2.19,100.0,80.0,High,80.0,High,85.0,High,0,1.0,[],96,True,True,True,3,7,92
Healthy High Performer,Morning,90.87,Low,94.06,0.0,100.0,80.0,High,80.0,High,85.0,High,0,1.0,[],96,True,True,True,2,6,92
Student,Morning,23.03,High,38.6,2.29,100.0,80.0,High,80.0,High,85.0,High,0,1.0,[],96,True,True,True,4,8,92
Founder,Evening,16.12,High,32.28,0.24,100.0,72.0,Moderate,80.0,High,81.0,High,0,1.0,[],96,True,True,True,3,7,92
New Parent,Evening,8.57,High,22.45,3.13,100.0,80.0,High,80.0,High,85.0,High,0,1.0,[],96,True,True,True,3,7,92
Student,Intermediate,40.85,Medium,45.45,1.0,100.0,80.0,High,88.0,High,89.0,High,0,1.0,[],96,True,True,True,2,6,92
Shift Worker,Evening,27.46,High,39.87,2.28,100.0,80.0,High,80.0,High,85.0,High,0,1.0,[],96,True,True,True,3,7,92
Remote Worker,Morning,56.6,Medium,60.79,0.76,100.0,80.0,High,80.0,High,85.0,High,0,1.0,[],96,True,True,True,3,7,92
New Parent,Morning,9.87,High,18.5,3.58,100.0,80.0,High,88.0,High,89.0,High,0,1.0,[],96,True,True,True,4,8,92
Burned-Out Professional,Intermediate,9.68,High,12.87,2.2,100.0,80.0,High,88.0,High,89.0,High,0,1.0,[],96,True,True,True,4,8,92
Healthy High Performer,Evening,89.45,Low,86.45,0.59,100.0,72.0,Moderate,72.0,Moderate,77.0,Moderate,0,1.0,['sleep_quality was outside the expected range and was clipped to 10.0.'],94,True,True,True,1,5,82
Shift Worker,Intermediate,23.65,High,39.27,2.56,100.0,80.0,High,80.0,High,85.0,High,0,1.0,[],96,True,True,True,4,8,92
Executive,Evening,15.27,High,18.72,3.17,100.0,80.0,High,88.0,High,89.0,High,0,1.0,[],96,True,True,True,4,8,92
Shift Worker,Intermediate,27.86,High,35.18,2.68,100.0,80.0,High,80.0,High,85.0,High,0,1.0,[],96,True,True,True,3,7,92
Remote Worker,Morning,40.09,Medium,49.76,1.87,100.0,80.0,High,80.0,High,85.0,High,0,1.0,[],96,True,True,True,3,7,92
Founder,Evening,20.18,High,23.58,2.5,100.0,80.0,High,88.0,High,89.0,High,0,1.0,[],96,True,True,True,4,8,92
Executive,Morning,37.56,High,46.64,0.66,100.0,80.0,High,88.0,High,89.0,High,0,1.0,[],96,True,True,True,4,8,92
Remote Worker,Morning,43.17,Medium,54.95,0.92,100.0,80.0,High,80.0,High,85.0,High,0,1.0,[],96,True,True,True,3,7,92
Remote Worker,Morning,47.95,Medium,47.8,1.85,100.0,80.0,High,80.0,High,85.0,High,0,1.0,[],96,True,True,True,3,7,92
Remote Worker,Intermediate,41.84,Medium,56.25,0.31,100.0,80.0,High,80.0,High,85.0,High,0,1.0,[],96,True,True,True,2,6,92
New Parent,Evening,16.59,High,27.36,2.05,92.62,80.0,High,80.0,High,85.0,High,0,1.0,[],96,True,True,True,4,8,92
Executive,Intermediate,17.53,High,33.35,2.23,100.0,80.0,High,88.0,High,89.0,High,0,1.0,[],96,True,True,True,3,7,92
Burned-Out Professional,Morning,3.7,High,8.48,2.7,100.0,80.0,High,88.0,High,89.0,High,0,1.0,[],96,True,True,True,5,9,92
Founder,Intermediate,20.07,High,27.32,1.18,100.0,80.0,High,88.0,High,89.0,High,0,1.0,[],96,True,True,True,3,7,92
Shift Worker,Morning,18.88,High,32.21,2.55,100.0,80.0,High,80.0,High,85.0,High,0,1.0,[],96,True,True,True,5,9,92
Shift Worker,Intermediate,24.68,High,36.99,1.65,93.72,80.0,High,88.0,High,89.0,High,0,1.0,[],96,True,True,True,4,8,92
Burned-Out Professional,Evening,0.0,High,0.59,3.47,100.0,72.0,Moderate,80.0,High,81.0,High,0,1.0,[],96,True,True,True,4,8,92
Recovering From Illness,Evening,36.12,Medium,55.08,0.13,88.05,80.0,High,80.0,High,85.0,High,0,1.0,[],96,True,True,True,2,6,92
Burned-Out Professional,Evening,1.32,High,10.03,2.16,100.0,64.0,Moderate,72.0,Moderate,73.0,Moderate,0,1.0,['stress_level was outside the expected range and was clipped to 10.0.'],94,True,True,True,4,8,82
Burned-Out Professional,Morning,3.21,High,7.46,2.84,100.0,80.0,High,88.0,High,89.0,High,0,1.0,[],96,True,True,True,5,9,92
Remote Worker,Intermediate,57.1,Medium,61.94,0.19,95.46,80.0,High,80.0,High,85.0,High,0,1.0,[],96,True,True,True,2,6,92
Shift Worker,Morning,27.45,High,41.66,1.23,100.0,80.0,High,80.0,High,85.0,High,0,1.0,[],96,True,True,True,4,8,92
Founder,Morning,19.58,High,19.61,2.53,100.0,80.0,High,88.0,High,89.0,High,0,1.0,[],96,True,True,True,4,8,92
Healthy High Performer,Evening,75.82,Low,79.71,0.36,100.0,80.0,High,80.0,High,85.0,High,0,1.0,[],96,True,True,True,1,5,92
Knowledge Worker,Intermediate,61.5,Medium,63.65,0.99,100.0,80.0,High,80.0,High,85.0,High,0,1.0,[],96,True,True,True,2,6,92
Shift Worker,Evening,11.57,High,35.35,2.46,90.68,80.0,High,80.0,High,85.0,High,0,1.0,[],96,True,True,True,3,7,92
Student,Evening,50.16,Medium,55.46,1.29,100.0,80.0,High,80.0,High,85.0,High,0,1.0,[],96,True,True,True,2,6,92
Burned-Out Professional,Morning,4.4,High,15.8,2.62,100.0,80.0,High,88.0,High,89.0,High,0,1.0,[],96,True,True,True,5,9,92
Remote Worker,Evening,68.45,Low,77.49,0.0,100.0,80.0,High,80.0,High,85.0,High,0,1.0,[],96,True,True,True,1,5,92
Executive,Morning,13.55,High,26.14,1.68,100.0,80.0,High,88.0,High,89.0,High,0,1.0,[],96,True,True,True,4,8,92
Founder,Evening,25.41,High,29.29,1.96,100.0,80.0,High,88.0,High,89.0,High,0,1.0,[],96,True,True,True,3,7,92
Student,Morning,30.87,Medium,36.56,1.76,86.68,80.0,High,80.0,High,85.0,High,0,1.0,[],96,True,True,True,3,7,92
Knowledge Worker,Morning,44.94,Medium,53.91,1.41,100.0,80.0,High,80.0,High,85.0,High,0,1.0,[],96,True,True,True,3,7,92
Healthy High Performer,Intermediate,85.35,Low,88.51,0.02,100.0,80.0,High,80.0,High,85.0,High,0,1.0,[],96,True,True,True,1,5,92
Knowledge Worker,Morning,37.07,Medium,47.19,1.17,100.0,80.0,High,80.0,High,85.0,High,0,1.0,[],96,True,True,True,3,7,92
Student,Evening,46.25,Medium,53.35,0.57,93.14,80.0,High,80.0,High,85.0,High,0,1.0,[],96,True,True,True,2,6,92
Burned-Out Professional,Intermediate,6.68,High,13.64,1.34,100.0,64.0,Moderate,72.0,Moderate,73.0,Moderate,0,1.0,['stress_level was outside the expected range and was clipped to 10.0.'],94,True,True,True,4,8,82
Executive,Morning,25.73,High,22.72,2.07,100.0,80.0,High,88.0,High,89.0,High,0,1.0,[],96,True,True,True,5,9,92
Shift Worker,Morning,15.89,High,31.03,1.96,100.0,80.0,High,80.0,High,85.0,High,0,1.0,[],96,True,True,True,4,8,92
Burned-Out Professional,Evening,6.08,High,3.73,3.06,100.0,80.0,High,88.0,High,89.0,High,0,1.0,[],96,True,True,True,4,8,92
New Parent,Morning,19.48,Medium,41.78,1.42,91.86,80.0,High,80.0,High,85.0,High,0,1.0,[],96,True,True,True,3,7,92
Knowledge Worker,Evening,55.76,Medium,62.31,1.11,100.0,80.0,High,80.0,High,85.0,High,0,1.0,[],96,True,True,True,2,6,92
Recovering From Illness,Morning,42.07,Medium,54.29,0.0,58.23,80.0,High,80.0,High,85.0,High,0,1.0,[],96,True,True,True,3,7,92
Shift Worker,Evening,23.85,Medium,44.81,0.72,100.0,80.0,High,80.0,High,85.0,High,0,1.0,[],96,True,True,True,2,6,92
Student,Evening,47.65,Medium,53.44,1.53,84.46,80.0,High,80.0,High,85.0,High,0,1.0,[],96,True,True,True,2,6,92
Shift Worker,Intermediate,19.11,High,27.89,2.38,100.0,80.0,High,80.0,High,85.0,High,0,1.0,[],96,True,True,True,4,8,92
Recovering From Illness,Morning,43.65,Low,66.92,0.0,73.92,80.0,High,80.0,High,85.0,High,0,1.0,[],96,True,True,True,3,7,92
Healthy High Performer,Intermediate,76.78,Low,83.95,0.0,91.18,80.0,High,80.0,High,85.0,High,0,1.0,[],96,True,True,True,1,5,92
Remote Worker,Morning,47.93,Medium,53.36,0.73,100.0,80.0,High,80.0,High,85.0,High,0,1.0,[],96,True,True,True,3,7,92
Healthy High Performer,Intermediate,81.87,Low,89.36,0.0,100.0,80.0,High,80.0,High,85.0,High,0,1.0,[],96,True,True,True,1,5,92
Student,Morning,45.87,Medium,54.37,0.74,100.0,80.0,High,80.0,High,85.0,High,0,1.0,[],96,True,True,True,3,7,92
Remote Worker,Intermediate,36.89,Medium,45.75,1.48,100.0,80.0,High,80.0,High,85.0,High,0,1.0,[],96,True,True,True,2,6,92
Shift Worker,Intermediate,20.08,High,37.61,2.59,100.0,80.0,High,80.0,High,85.0,High,0,1.0,[],96,True,True,True,3,7,92
Founder,Morning,22.08,High,32.83,0.15,100.0,80.0,High,88.0,High,89.0,High,0,1.0,[],96,True,True,True,4,8,92
Remote Worker,Intermediate,52.39,Medium,62.4,0.47,100.0,80.0,High,80.0,High,85.0,High,0,1.0,[],96,True,True,True,2,6,92
Student,Intermediate,50.21,Medium,55.71,0.65,100.0,80.0,High,80.0,High,85.0,High,0,1.0,[],96,True,True,True,2,6,92
Shift Worker,Intermediate,21.23,High,34.68,1.46,96.0,80.0,High,80.0,High,85.0,High,0,1.0,[],96,True,True,True,3,7,92
Executive,Evening,17.19,High,32.83,2.27,100.0,80.0,High,88.0,High,89.0,High,0,1.0,[],96,True,True,True,4,8,92
New Parent,Intermediate,10.84,High,34.36,2.49,100.0,80.0,High,80.0,High,85.0,High,0,1.0,[],96,True,True,True,4,8,92
Founder,Morning,18.56,High,30.83,1.79,100.0,80.0,High,88.0,High,89.0,High,0,1.0,[],96,True,True,True,4,8,92
Knowledge Worker,Evening,60.05,Medium,62.03,0.0,100.0,80.0,High,80.0,High,85.0,High,0,1.0,[],96,True,True,True,2,6,92
Healthy High Performer,Intermediate,84.11,Low,82.54,1.47,96.91,80.0,High,80.0,High,85.0,High,0,1.0,[],96,True,True,True,1,5,92
Shift Worker,Evening,19.5,High,36.6,2.05,100.0,80.0,High,80.0,High,85.0,High,0,1.0,[],96,True,True,True,4,8,92
Remote Worker,Evening,48.92,Medium,56.63,1.5,100.0,80.0,High,80.0,High,85.0,High,0,1.0,[],96,True,True,True,2,6,92
Knowledge Worker,Morning,56.5,Medium,63.85,0.88,100.0,80.0,High,80.0,High,85.0,High,0,1.0,[],96,True,True,True,3,7,92
Shift Worker,Intermediate,19.13,High,36.35,2.15,100.0,80.0,High,88.0,High,89.0,High,0,1.0,[],96,True,True,True,3,7,92
Knowledge Worker,Morning,49.29,Medium,51.18,1.8,100.0,80.0,High,80.0,High,85.0,High,0,1.0,[],96,True,True,True,3,7,92
Recovering From Illness,Intermediate,43.44,Medium,58.36,0.0,100.0,80.0,High,80.0,High,85.0,High,0,1.0,[],96,True,True,True,2,6,92
Remote Worker,Morning,52.05,Medium,58.57,1.13,100.0,80.0,High,80.0,High,85.0,High,0,1.0,[],96,True,True,True,3,7,92
New Parent,Evening,13.01,High,18.95,3.1,100.0,80.0,High,88.0,High,89.0,High,0,1.0,[],96,True,True,True,4,8,92
Knowledge Worker,Evening,52.89,Medium,63.18,0.21,94.62,80.0,High,80.0,High,85.0,High,0,1.0,[],96,True,True,True,2,6,92
Founder,Evening,30.12,High,31.8,1.22,100.0,80.0,High,88.0,High,89.0,High,0,1.0,[],96,True,True,True,3,7,92
Shift Worker,Evening,16.98,High,37.51,2.57,98.58,80.0,High,80.0,High,85.0,High,0,1.0,[],96,True,True,True,3,7,92
Shift Worker,Intermediate,30.78,High,34.97,1.72,95.88,80.0,High,80.0,High,85.0,High,0,1.0,[],96,True,True,True,3,7,92
Founder,Evening,13.66,High,27.38,1.9,100.0,80.0,High,88.0,High,89.0,High,0,1.0,[],96,True,True,True,4,8,92
Shift Worker,Intermediate,37.49,High,43.06,1.54,100.0,80.0,High,80.0,High,85.0,High,0,1.0,[],96,True,True,True,3,7,92
Executive,Evening,17.68,High,34.94,0.9,100.0,80.0,High,88.0,High,89.0,High,0,1.0,[],96,True,True,True,3,7,92
Shift Worker,Intermediate,23.45,High,39.45,2.61,100.0,80.0,High,80.0,High,85.0,High,0,1.0,[],96,True,True,True,3,7,92
Remote Worker,Intermediate,54.18,Medium,54.51,0.68,100.0,80.0,High,80.0,High,85.0,High,0,1.0,[],96,True,True,True,2,6,92
Remote Worker,Intermediate,42.5,Medium,51.84,1.3,100.0,80.0,High,80.0,High,85.0,High,0,1.0,[],96,True,True,True,2,6,92
Executive,Evening,26.92,High,30.06,2.01,100.0,80.0,High,80.0,High,85.0,High,0,1.0,[],96,True,True,True,4,8,92
Remote Worker,Evening,46.85,Medium,69.5,0.0,100.0,80.0,High,80.0,High,85.0,High,0,1.0,[],96,True,True,True,2,6,92
Healthy High Performer,Morning,85.25,Low,84.37,0.0,100.0,80.0,High,80.0,High,85.0,High,0,1.0,[],96,True,True,True,2,6,92
Remote Worker,Evening,39.61,Medium,57.03,0.0,100.0,80.0,High,80.0,High,85.0,High,0,1.0,[],96,True,True,True,2,6,92
Founder,Morning,19.07,High,20.75,2.08,100.0,72.0,Moderate,80.0,High,81.0,High,0,1.0,[],96,True,True,True,5,9,92
Recovering From Illness,Intermediate,38.22,Medium,56.5,0.0,81.8,80.0,High,80.0,High,85.0,High,0,1.0,[],96,True,True,True,2,6,92
Recovering From Illness,Morning,37.88,Medium,54.12,0.33,74.7,80.0,High,80.0,High,85.0,High,0,1.0,[],96,True,True,True,3,7,92
Remote Worker,Evening,43.98,Medium,51.63,1.02,100.0,80.0,High,80.0,High,85.0,High,0,1.0,[],96,True,True,True,2,6,92
New Parent,Morning,12.77,High,28.24,2.02,98.23,80.0,High,88.0,High,89.0,High,0,1.0,[],96,True,True,True,5,9,92
Healthy High Performer,Evening,77.16,Low,82.54,0.36,98.76,80.0,High,80.0,High,85.0,High,0,1.0,[],96,True,True,True,1,5,92
Burned-Out Professional,Evening,2.98,High,4.74,3.37,100.0,80.0,High,88.0,High,89.0,High,0,1.0,[],96,True,True,True,4,8,92
Founder,Morning,5.8,High,18.54,2.3,100.0,80.0,High,88.0,High,89.0,High,0,1.0,[],96,True,True,True,5,9,92
Recovering From Illness,Intermediate,50.55,Medium,66.87,0.0,75.91,80.0,High,80.0,High,85.0,High,0,1.0,[],96,True,True,True,2,6,92
Student,Morning,33.12,High,37.04,2.33,94.5,80.0,High,80.0,High,85.0,High,0,1.0,[],96,True,True,True,4,8,92
Student,Morning,32.95,High,39.99,2.18,100.0,80.0,High,80.0,High,85.0,High,0,1.0,[],96,True,True,True,5,9,92
New Parent,Intermediate,15.74,High,25.74,2.15,97.22,80.0,High,80.0,High,85.0,High,0,1.0,[],96,True,True,True,4,8,92
Recovering From Illness,Morning,40.5,Medium,57.86,0.83,79.03,80.0,High,80.0,High,85.0,High,0,1.0,[],96,True,True,True,3,7,92
Executive,Evening,28.71,High,37.74,0.0,100.0,80.0,High,88.0,High,89.0,High,0,1.0,[],96,True,True,True,4,8,92
Recovering From Illness,Morning,42.04,Medium,61.81,0.0,74.58,80.0,High,80.0,High,85.0,High,0,1.0,[],96,True,True,True,3,7,92
Knowledge Worker,Intermediate,59.54,Medium,61.3,1.43,100.0,80.0,High,80.0,High,85.0,High,0,1.0,[],96,True,True,True,2,6,92
Executive,Intermediate,29.07,High,32.45,1.82,100.0,80.0,High,88.0,High,89.0,High,0,1.0,[],96,True,True,True,4,8,92
Healthy High Performer,Evening,95.0,Low,98.92,0.0,100.0,80.0,High,80.0,High,85.0,High,0,1.0,[],96,True,True,True,1,5,92
Healthy High Performer,Morning,85.19,Low,91.85,0.0,97.84,80.0,High,80.0,High,85.0,High,0,1.0,[],96,True,True,True,2,6,92
Recovering From Illness,Morning,30.17,Medium,43.98,0.99,77.69,80.0,High,80.0,High,85.0,High,0,1.0,[],96,True,True,True,3,7,92
Founder,Evening,18.23,High,25.28,2.67,100.0,80.0,High,88.0,High,89.0,High,0,1.0,[],96,True,True,True,3,7,92
New Parent,Intermediate,11.87,High,28.15,2.6,100.0,80.0,High,80.0,High,85.0,High,0,1.0,[],96,True,True,True,4,8,92
Founder,Intermediate,31.33,High,30.98,1.82,100.0,80.0,High,88.0,High,89.0,High,0,1.0,[],96,True,True,True,3,7,92
Student,Morning,29.95,Medium,40.72,1.92,97.18,80.0,High,80.0,High,85.0,High,0,1.0,[],96,True,True,True,3,7,92
New Parent,Intermediate,5.56,High,19.95,3.39,100.0,80.0,High,88.0,High,89.0,High,0,1.0,[],96,True,True,True,4,8,92
Founder,Intermediate,11.23,High,13.63,2.77,100.0,80.0,High,88.0,High,89.0,High,0,1.0,[],96,True,True,True,4,8,92
Knowledge Worker,Morning,42.7,Medium,53.3,1.25,100.0,80.0,High,80.0,High,85.0,High,0,1.0,[],96,True,True,True,3,7,92
Burned-Out Professional,Intermediate,0.13,High,1.6,2.99,100.0,72.0,Moderate,80.0,High,81.0,High,0,1.0,[],96,True,True,True,4,8,92
Executive,Evening,15.73,High,22.14,3.19,100.0,80.0,High,80.0,High,85.0,High,0,1.0,[],96,True,True,True,4,8,92
Knowledge Worker,Morning,54.14,Medium,58.23,0.92,100.0,80.0,High,80.0,High,85.0,High,0,1.0,[],96,True,True,True,3,7,92
Student,Evening,39.24,Medium,51.41,0.95,97.43,80.0,High,80.0,High,85.0,High,0,1.0,[],96,True,True,True,2,6,92
Founder,Intermediate,8.17,High,31.59,0.78,100.0,80.0,High,88.0,High,89.0,High,0,1.0,[],96,True,True,True,3,7,92
Founder,Evening,24.11,High,20.88,2.0,100.0,72.0,Moderate,80.0,High,81.0,High,0,1.0,[],96,True,True,True,3,7,92
Recovering From Illness,Intermediate,39.83,Medium,51.42,0.62,67.75,80.0,High,80.0,High,85.0,High,0,1.0,[],96,True,True,True,2,6,92
Healthy High Performer,Morning,80.25,Low,85.93,0.39,100.0,80.0,High,80.0,High,85.0,High,0,1.0,[],96,True,True,True,2,6,92
Student,Evening,42.11,Medium,50.95,1.74,99.38,80.0,High,80.0,High,85.0,High,0,1.0,[],96,True,True,True,2,6,92
Student,Morning,41.51,Medium,50.9,1.6,100.0,80.0,High,80.0,High,85.0,High,0,1.0,[],96,True,True,True,3,7,92
New Parent,Evening,17.6,High,38.12,1.81,100.0,80.0,High,80.0,High,85.0,High,0,1.0,[],96,True,True,True,4,8,92
New Parent,Morning,10.86,High,25.39,1.98,100.0,80.0,High,88.0,High,89.0,High,0,1.0,[],96,True,True,True,5,9,92
Knowledge Worker,Intermediate,58.88,Medium,65.95,0.46,99.18,80.0,High,80.0,High,85.0,High,0,1.0,[],96,True,True,True,2,6,92
Shift Worker,Evening,20.85,High,39.38,2.49,99.18,80.0,High,80.0,High,85.0,High,0,1.0,[],96,True,True,True,4,8,92
Burned-Out Professional,Evening,7.22,High,15.2,2.83,100.0,80.0,High,88.0,High,89.0,High,0,1.0,[],96,True,True,True,4,8,92
Knowledge Worker,Evening,47.47,Medium,56.48,1.2,100.0,80.0,High,80.0,High,85.0,High,0,1.0,[],96,True,True,True,2,6,92
Healthy High Performer,Evening,96.8,Low,94.29,0.0,94.38,80.0,High,80.0,High,85.0,High,0,1.0,[],96,True,True,True,1,5,92
New Parent,Evening,17.53,High,29.93,2.88,100.0,80.0,High,80.0,High,85.0,High,0,1.0,[],96,True,True,True,4,8,92
Student,Morning,41.78,Medium,50.08,1.28,100.0,80.0,High,80.0,High,85.0,High,0,1.0,[],96,True,True,True,3,7,92
Recovering From Illness,Morning,48.54,Medium,57.76,0.06,72.0,80.0,High,80.0,High,85.0,High,0,1.0,[],96,True,True,True,3,7,92
New Parent,Intermediate,14.9,High,33.12,2.12,97.75,80.0,High,80.0,High,85.0,High,0,1.0,[],96,True,True,True,4,8,92
Knowledge Worker,Evening,56.55,Medium,62.9,0.26,100.0,80.0,High,80.0,High,85.0,High,0,1.0,[],96,True,True,True,2,6,92
Knowledge Worker,Morning,45.96,Medium,54.17,0.52,100.0,80.0,High,80.0,High,85.0,High,0,1.0,[],96,True,True,True,3,7,92
Founder,Morning,19.94,High,23.16,2.78,100.0,80.0,High,88.0,High,89.0,High,0,1.0,[],96,True,True,True,4,8,92
Remote Worker,Intermediate,41.58,Medium,48.99,1.14,100.0,80.0,High,80.0,High,85.0,High,0,1.0,[],96,True,True,True,2,6,92
Executive,Intermediate,19.93,High,35.51,2.49,100.0,80.0,High,80.0,High,85.0,High,0,1.0,[],96,True,True,True,3,7,92
Burned-Out Professional,Evening,2.84,High,9.97,2.8,100.0,72.0,Moderate,80.0,High,81.0,High,0,1.0,[],96,True,True,True,4,8,92
Healthy High Performer,Evening,92.67,Low,97.31,0.0,96.94,80.0,High,80.0,High,85.0,High,0,1.0,[],96,True,True,True,1,5,92
Student,Intermediate,37.84,Medium,54.81,0.38,92.71,80.0,High,80.0,High,85.0,High,0,1.0,[],96,True,True,True,2,6,92
Shift Worker,Intermediate,15.51,High,34.33,2.62,89.03,80.0,High,80.0,High,85.0,High,0,1.0,[],96,True,True,True,3,7,92
Remote Worker,Evening,44.83,Medium,52.68,0.74,100.0,80.0,High,80.0,High,85.0,High,0,1.0,[],96,True,True,True,2,6,92
Executive,Evening,17.37,High,32.68,1.38,100.0,80.0,High,80.0,High,85.0,High,0,1.0,[],96,True,True,True,3,7,92
Executive,Morning,23.76,High,31.28,2.66,100.0,80.0,High,88.0,High,89.0,High,0,1.0,[],96,True,True,True,4,8,92
